Metric,Value
Accuracy,0.8549382716049383
Precision,0.648854961832061
Recall,0.6390977443609023
F1 Score,0.6439393939393939
AUC-ROC,0.8998029053215564
